[
    {
        "runs_on":"macos-13",
        "target":"darwin",
        "arch": "amd64",
        "binary_extension":".mac-amd64",
        "arm_gcc_install_base": "https://developer.arm.com/-/media/Files/downloads/gnu-rm/10-2020q4",
        "installer_name": "gcc-arm-none-eabi-10-2020-q4-major-mac.tar.bz2",
        "toolchain_root": "gcc-arm-none-eabi-10-2020-q4-major/bin",
        "runOn": "publicRepo"
    },
    {
        "runs_on":"macos-14",
        "target":"darwin",
        "arch": "arm64",
        "binary_extension":".mac-arm64",
        "arm_gcc_install_base": "https://developer.arm.com/-/media/Files/downloads/gnu-rm/10-2020q4",
        "installer_name": "gcc-arm-none-eabi-10-2020-q4-major-mac.tar.bz2",
        "toolchain_root": "gcc-arm-none-eabi-10-2020-q4-major/bin",
        "runOn": "publicRepo"
    },
    {
        "runs_on":"ubuntu-22.04",
        "target":"linux",
        "arch": "amd64",
        "binary_extension":".lin-amd64",
        "arm_gcc_install_base": "https://developer.arm.com/-/media/Files/downloads/gnu/11.2-2022.02/binrel",
        "installer_name": "gcc-arm-11.2-2022.02-x86_64-arm-none-eabi.tar.xz",
        "toolchain_root": "gcc-arm-11.2-2022.02-x86_64-arm-none-eabi/bin",
        "runOn": "always"
    },
    {
        "runs_on":"ubuntu-22.04",
        "target":"linux",
        "arch": "arm64",
        "binary_extension":".lin-arm64",
        "arm_gcc_install_base": "https://developer.arm.com/-/media/Files/downloads/gnu/11.2-2022.02/binrel",
        "installer_name": "gcc-arm-11.2-2022.02-x86_64-arm-none-eabi.tar.xz",
        "toolchain_root": "gcc-arm-11.2-2022.02-x86_64-arm-none-eabi/bin",
        "runOn": "always"
    },
    {
        "runs_on":"windows-2019",
        "target":"windows",
        "arch": "amd64",
        "binary_extension":".exe-amd64",
        "arm_gcc_install_base": "https://developer.arm.com/-/media/Files/downloads/gnu/11.2-2022.02/binrel",
        "installer_name": "gcc-arm-11.2-2022.02-mingw-w64-i686-arm-none-eabi.zip",
        "toolchain_root": "gcc-arm-11.2-2022.02-mingw-w64-i686-arm-none-eabi/bin",
        "runOn": "always"
    },
    {
        "runs_on":"windows-2019",
        "target":"windows",
        "arch": "arm64",
        "binary_extension":".exe-arm64",
        "arm_gcc_install_base": "https://developer.arm.com/-/media/Files/downloads/gnu/11.2-2022.02/binrel",
        "installer_name": "gcc-arm-11.2-2022.02-mingw-w64-i686-arm-none-eabi.zip",
        "toolchain_root": "gcc-arm-11.2-2022.02-mingw-w64-i686-arm-none-eabi/bin",
        "runOn": "always"
    }
]
